﻿<?xml version="1.0" encoding="UTF-8" standalone="yes" ?>
<StyleList xmlns:xsi="http://www.w3.org/2001/XMLSchema-instance" xmlns="http://stollsoft.de/iSign/v2/Content/Forms/Styles">


  <style key="vocatic_display_2019_hochtaunuskreis"
          file="List.cshtml"
         interactive="false" target="Forms2">
    <names>
      <name culture="de">Vocatis Warteliste Hochtaunuskreis</name>
    </names>
    <fields>
      <field key="source">
        <names>
          <name>Vocatis Datenquelle</name>
        </names>
        <content_class type="DataSource" />
      </field>
      <field key="number">
        <names>
          <name>Nummer</name>
        </names>
        <content_class bind="Column" parentField="source" type="TextFree" />
      </field>
      <field key="room">
        <names>
          <name>Raum</name>
        </names>
        <content_class bind="Column" parentField="source" type="TextFree" />
      </field>
      <field key="notify">
        <names>
          <name>Glocke</name>
        </names>
         <content_class type="TextChoose">
          <text key="">Keine</text>
          <text key="tone.mp3">Standard</text>
        </content_class>
      </field>
      <field key="popup">
        <names>
          <name>Popup</name>
        </names>
         <content_class type="TextChoose">
          <text key="">Keines</text>
          <text key="simple">Einfach</text>
        </content_class>
      </field>
    </fields>
  </style>


  <style key="vocatic_display3_2019_hochtaunuskreis"
          file="List3.cshtml"
         interactive="false" target="Forms2">
    <names>
      <name culture="de">Vocatis Warteliste (3 Warteschlangen) Hochtaunuskreis</name>
    </names>
    <fields>
      <field key="source1">
        <names>
          <name>Vocatis Datenquelle 1</name>
        </names>
        <content_class type="DataSource" />
      </field>
      <field key="number1">
        <names>
          <name>Nummer</name>
        </names>
        <content_class bind="Column" parentField="source1" type="TextFree" />
      </field>
      <field key="room1">
        <names>
          <name>Raum</name>
        </names>
        <content_class bind="Column" parentField="source1" type="TextFree" />
      </field>
      <field key="source2">
        <names>
          <name>Vocatis Datenquelle 2</name>
        </names>
        <content_class type="DataSource" />
      </field>
      <field key="number2">
        <names>
          <name>Nummer</name>
        </names>
        <content_class bind="Column" parentField="source2" type="TextFree" />
      </field>
      <field key="room2">
        <names>
          <name>Raum</name>
        </names>
        <content_class bind="Column" parentField="source2" type="TextFree" />
      </field>
      <field key="source3">
        <names>
          <name>Vocatis Datenquelle 3</name>
        </names>
        <content_class type="DataSource" />
      </field>
      <field key="number3">
        <names>
          <name>Nummer</name>
        </names>
        <content_class bind="Column" parentField="source3" type="TextFree" />
      </field>
      <field key="room3">
        <names>
          <name>Raum</name>
        </names>
        <content_class bind="Column" parentField="source3" type="TextFree" />
      </field>
      <field key="notify">
        <names>
          <name>Glocke</name>
        </names>
         <content_class type="TextChoose">
          <text key="">Keine</text>
          <text key="tone.mp3">Standard</text>
        </content_class>
      </field>
      <field key="popup">
        <names>
          <name>Popup</name>
        </names>
         <content_class type="TextChoose">
          <text key="">Keines</text>
          <text key="simple">Einfach</text>
        </content_class>
      </field>
    </fields>
  </style>
</StyleList>